Agent_ID,City,Experience_Level,Team
AGT100,mumbai,Senior,Retail Team
AGT101,mumbai,Mid,Field Team
AGT102,mumbai,Mid,Retail Team
AGT103,mumbai,Mid,Retail Team
AGT104,mumbai,Senior,Retail Team
AGT105,mumbai,Mid,Retail Team
AGT106,Mumbai,,Priority Team
AGT107,Pune,,Retail Team
AGT108,Pune,,Retail Team
AGT109,Delhi NCR,Junior,Priority Team
AGT110,Pune,Junior,Priority Team
AGT111,Delhi NCR,Mid,Retail Team
AGT112,Hyderabad,Mid,Retail Team
AGT113,Hyderabad,Mid,Retail Team
AGT114,Pune,Senior,Retail Team
AGT115,Mumbai,Mid,Field Team
AGT116,Bangalore,Senior,Field Team
AGT117,Kolkata,Junior,Priority Team
AGT118,Kolkata,Senior,Field Team
AGT119,Delhi NCR,Senior,Priority Team
AGT120,Bangalore,Mid,Priority Team
AGT121,Mumbai,Mid,Retail Team
AGT122,Delhi NCR,Junior,Retail Team
AGT123,Bangalore,Mid,Priority Team
AGT124,Bangalore,Senior,Field Team
AGT125,Kolkata,Senior,Priority Team
AGT126,Bangalore,Mid,Field Team
AGT127,Mumbai,Mid,Field Team
AGT128,Kolkata,Senior,Priority Team
AGT129,Delhi NCR,Senior,Priority Team
AGT130,Hyderabad,Junior,Retail Team
AGT131,Kolkata,Mid,Priority Team
AGT132,Delhi NCR,Junior,Field Team
AGT133,Mumbai,Junior,Field Team
AGT134,Pune,Mid,Priority Team
AGT135,Hyderabad,Senior,Retail Team
AGT136,Mumbai,Mid,Priority Team
AGT137,Hyderabad,Junior,Retail Team
AGT138,Mumbai,Mid,Retail Team
AGT139,Hyderabad,Senior,Priority Team
AGT140,Delhi NCR,Senior,Priority Team
AGT141,Pune,Senior,Priority Team
AGT142,Delhi NCR,Senior,Field Team
AGT143,Pune,Mid,Field Team
AGT144,Bangalore,Mid,Priority Team
AGT145,Kolkata,Mid,Field Team
AGT146,Pune,Senior,Field Team
AGT147,Mumbai,Senior,Priority Team
AGT148,Hyderabad,Mid,Retail Team
AGT149,Delhi NCR,Junior,Retail Team
AGT150,Mumbai,Mid,Priority Team
AGT151,Mumbai,Mid,Priority Team
AGT152,Pune,Junior,Retail Team
AGT153,Delhi NCR,Junior,Field Team
AGT154,Delhi NCR,Senior,Retail Team
AGT155,Mumbai,Junior,Priority Team
AGT156,Kolkata,Junior,Field Team
AGT157,Hyderabad,Junior,Priority Team
AGT158,Hyderabad,Mid,Retail Team
AGT159,Mumbai,Senior,Retail Team
AGT160,Hyderabad,Junior,Field Team
AGT161,Kolkata,Mid,Field Team
AGT162,Mumbai,Senior,Priority Team
AGT163,Hyderabad,Junior,Field Team
AGT164,Delhi NCR,Senior,Priority Team
AGT165,Hyderabad,Mid,Priority Team
AGT166,Pune,Junior,Field Team
AGT167,Mumbai,Junior,Field Team
AGT168,Bangalore,Junior,Priority Team
AGT169,Hyderabad,Mid,Retail Team
AGT170,Bangalore,Junior,Priority Team
AGT171,Mumbai,Junior,Priority Team
AGT172,Kolkata,Junior,Retail Team
AGT173,Mumbai,Junior,Field Team
AGT174,Mumbai,Junior,Priority Team
